{
  "unconstrained": {
    "avg": 559.88,
    "data": [
      432,
      909,
      667,
      662,
      50,
      326,
      177,
      306,
      498,
      528,
      692,
      258,
      751,
      1000,
      610,
      228,
      501,
      474,
      233,
      842
    ]
  },
  "constrained": {
    "avg": 11.0,
    "data": [
      11,
      11,
      11,
      11,
      11,
      11,
      11,
      11,
      11,
      11,
      11,
      11,
      11,
      11,
      11,
      11,
      11,
      11,
      11,
      11
    ]
  },
  "deadband": {
    "avg": 11.0,
    "data": [
      11,
      11,
      11,
      11,
      11,
      11,
      11,
      11,
      11,
      11,
      11,
      11,
      11,
      11,
      11,
      11,
      11,
      11,
      11,
      11
    ]
  },
  "constraint_acceleration": 50.89818181818182,
  "deadband_acceleration": 50.89818181818182
}